{
  "valueType": "nodes",
  "values": [
    {
      "_typeName": "Post",
      "id": "400",
      "title": "Quas dolores earum corporis aut voluptatibus dicta voluptatem.",
      "description": "Nulla non esse vitae hic sunt ut eveniet rem eaque. Et qui cumque tempora dolorem nisi et distinctio dolores est. Quia est commodi omnis voluptatem aspernatur voluptatem blanditiis perspiciatis. Qui qui earum consequatur illo molestias numquam dolores voluptas reprehenderit. Perferendis ipsum deserunt dolorem et. Et deleniti facere nesciunt reprehenderit accusamus.\n \rVero repudiandae blanditiis. Ab aut distinctio ut qui rem. Aut accusantium sed aliquid sit amet vero. Quasi impedit eum.\n \rItaque quas cupiditate animi amet non recusandae voluptatem non facere. Omnis quo eaque autem labore laborum qui incidunt. Et minima ut veritatis rerum aut architecto sint non accusamus.",
      "state": "Published"
    },
    {
      "_typeName": "Post",
      "id": "401",
      "title": "Velit consequuntur deserunt eos.",
      "description": "Harum ipsam praesentium. Dicta doloremque ad tempore. Eaque dolor rerum voluptate rem nobis enim doloremque maiores cupiditate. Alias et voluptatem facilis.\n \rOmnis qui voluptatem ut laudantium voluptas quam doloribus dolore incidunt. Quas fuga aut voluptatum autem beatae itaque aut eveniet. Maxime hic ipsam nihil maiores ea facere vitae quo et. Unde rerum vel provident doloribus iste.\n \rImpedit eveniet ratione quisquam. Sint alias labore aliquid eos optio et sit est. Aut quis cumque necessitatibus quidem sint quae. Quia quia rerum. Id repellendus quia.",
      "state": "Published"
    },
    {
      "_typeName": "Post",
      "id": "402",
      "title": "Fuga sed et minima necessitatibus quibusdam est eum.",
      "description": "Accusamus amet ea ea odio provident voluptas quia id. Voluptatem illo consequuntur nemo doloribus. Omnis vel explicabo iure. Nisi enim aliquid nobis.\n \rDoloribus sint illo laborum consequatur amet et eligendi vel nihil. Cupiditate at in ex asperiores. Et tempore corporis aut quo eaque veritatis. Consequatur perferendis maxime aperiam minus enim eos perspiciatis ad inventore.\n \rProvident nostrum debitis possimus quod molestiae qui. Exercitationem voluptatem quae voluptatibus velit minus laudantium. Vitae recusandae ipsa error voluptas error inventore repellendus repellendus quia. Nihil optio dolorum distinctio cumque molestiae. Ut odit vero sed nulla eos. Ad autem at.",
      "state": "Published"
    },
    {
      "_typeName": "Post",
      "id": "403",
      "title": "Corrupti fugiat eligendi velit earum pariatur nemo eum molestiae molestias.",
      "description": "Eum accusantium vitae expedita quidem ut ducimus et amet est. Temporibus fugit dicta ut qui sunt sed. Rerum eum beatae dicta omnis quia voluptatum ipsa iusto.\n \rNam aspernatur aut impedit exercitationem. Minus rerum ut reprehenderit soluta nostrum quia est. Veritatis odio quos eum sint omnis voluptatem.\n \rQuo iusto nemo ipsa. Ad quidem voluptate culpa rem ut iste eum. Enim beatae magnam. Quia voluptates deserunt hic voluptatum aut nemo. Ut provident dignissimos.",
      "state": "Published"
    },
    {
      "_typeName": "Post",
      "id": "404",
      "title": "Nostrum architecto soluta sapiente.",
      "description": "Rerum molestiae illum magnam sit sed impedit voluptas. Error et repellendus ex libero. Itaque et voluptatem corporis porro perferendis fugit eos officiis. Quis consequatur omnis. Aliquam in quidem sit enim.\n \rProvident dolor ullam eaque molestiae quidem voluptas nostrum. Reiciendis dolorem voluptas ratione. Maxime porro labore et repellendus. Magni quia unde fuga nam ipsam. Fugiat ullam quisquam similique ut consequatur.\n \rNon minus voluptates blanditiis. Voluptatem saepe consequuntur quis et nam alias ut. Non eum aspernatur rem modi sint iusto ut aut eum. Molestias sunt et quis quisquam veniam saepe occaecati ratione.",
      "state": "Published"
    },
    {
      "_typeName": "Post",
      "id": "405",
      "title": "Harum laborum nisi ullam et possimus.",
      "description": "Qui sunt iste et est reprehenderit. Omnis omnis error aspernatur ut provident quia. Quae enim aut et dolores. Nam veniam exercitationem reiciendis. Eos officiis et. Pariatur odio aut voluptas perspiciatis sint voluptas eveniet fuga.\n \rEst voluptates cumque eaque voluptas necessitatibus et. Aut magnam aut. Dolore tenetur delectus at est. Laboriosam inventore doloremque id nostrum cum. Voluptates tempore earum. Sit laudantium excepturi et.\n \rMaxime dolorem hic. Aut omnis iste tenetur ipsum. Velit officia est. Iure consequatur necessitatibus quos aperiam quae non quis qui. Placeat cumque animi dignissimos aut. Quia iure quisquam.",
      "state": "Published"
    },
    {
      "_typeName": "Post",
      "id": "406",
      "title": "Accusamus ut consectetur voluptas quo ea aspernatur molestiae.",
      "description": "Ut aperiam corporis asperiores eum ut nulla quia amet. Animi atque deleniti architecto sapiente dolorum et nobis aut. Facilis voluptatem et. Eos incidunt quam. Iste reprehenderit ut saepe veritatis fugiat error sint dolor.\n \rOmnis sunt cum doloribus et qui quod illum. Placeat dolor est est architecto dolor et quidem. Aliquid rerum accusamus aut dolor dolorem enim. Eum perspiciatis vero voluptas aperiam quam excepturi. Illum earum rerum ipsam ea amet velit. Nisi laboriosam et voluptatem sed amet rem quisquam aut nemo.\n \rDistinctio nesciunt quia ut doloribus qui quibusdam. Accusantium provident necessitatibus veniam est corrupti. Minus blanditiis a occaecati quis quis aut ut quod. Voluptatum iste suscipit. Molestias repellendus ducimus rem.",
      "state": "Published"
    },
    {
      "_typeName": "Post",
      "id": "407",
      "title": "Cupiditate et adipisci accusamus ea cum sed quasi.",
      "description": "Iste ut nihil in quae quo omnis. Modi expedita distinctio nemo atque. Non sit distinctio excepturi facilis quia ea ut mollitia voluptatem.\n \rPossimus similique quod. Iusto molestiae dolores atque est provident expedita laboriosam. Delectus accusamus repellat quisquam explicabo cupiditate repellat aspernatur.\n \rEt suscipit voluptatum aut laboriosam modi officia itaque. Dolore delectus adipisci reiciendis debitis. Est exercitationem quod est aut voluptatibus quia. Omnis sit libero maiores et non repellendus velit et. Numquam voluptas mollitia ut. Omnis explicabo dolorem dolorem velit.",
      "state": "Published"
    },
    {
      "_typeName": "Post",
      "id": "408",
      "title": "Commodi nihil ut.",
      "description": "Et sed ut optio iusto et possimus in id similique. Unde ea error. Et consectetur debitis nesciunt dolores dolores. Autem nostrum voluptatum iste ex. Cum aut dicta impedit excepturi.\n \rSimilique eos consectetur voluptates atque nostrum non. Cum amet dolorum dolores amet distinctio ut cumque. Necessitatibus qui labore vero voluptatem.\n \rEst similique aut autem voluptate odit qui dolorem debitis sint. Aut quo inventore quasi et ullam. Enim iste est quod ea iure autem rerum sit recusandae. Ipsum dolor natus. Autem tenetur iure dolorem excepturi molestiae suscipit ab consequatur.",
      "state": "Published"
    },
    {
      "_typeName": "Post",
      "id": "409",
      "title": "Commodi facere id.",
      "description": "Quia quo atque ut ea eius. Saepe quia quisquam quia et. Odit facere nostrum modi adipisci voluptatibus adipisci voluptas atque. Tempora veritatis quisquam architecto aut consectetur facere. Accusantium eum aut odio in dolorem quidem. Et et ex eum dolor est fugiat sit voluptatem.\n \rOmnis eum doloremque mollitia ratione officiis debitis magni molestiae. Aut tempore voluptatem aut et ut est vel. Minima fugit quo soluta sed quisquam soluta dolorem.\n \rId officia placeat. Dolorem et qui nisi quia eum dolorem. Laborum enim ducimus ut nam molestias.",
      "state": "Published"
    },
    {
      "_typeName": "Post",
      "id": "410",
      "title": "Sunt aliquam ut repellat est sed laudantium consequatur.",
      "description": "Temporibus sed ea nulla. Nulla adipisci aut tenetur maxime sunt quis voluptatem quia iure. Voluptatum qui voluptate omnis asperiores porro. Voluptatem repellat in pariatur. Fuga molestias vel. Voluptas quis sit voluptatem qui id perspiciatis eligendi.\n \rQuis eum vel a nostrum facilis eaque non doloremque. Dolorem explicabo et vero sint fugit quae. Distinctio ipsa et quaerat et molestiae ullam. Maiores ipsa esse a soluta facere. Debitis distinctio amet maiores aut aperiam voluptatem.\n \rEsse nisi et provident est exercitationem aliquid. Vel adipisci suscipit voluptatibus consectetur. Fugiat non ab. Ut hic architecto qui tempore saepe aut minima saepe eius.",
      "state": "Published"
    },
    {
      "_typeName": "Post",
      "id": "411",
      "title": "Dolores rem aut modi quod id.",
      "description": "Possimus nostrum deleniti. Aut pariatur error ratione labore. Hic assumenda veniam inventore. Consequuntur eligendi vel ut repellendus amet quo placeat voluptas.\n \rDolor ratione nulla quis facere quis quos expedita vel. Cupiditate autem voluptatem. Necessitatibus nihil est. Dolorem et reiciendis velit sit aliquam non voluptates. Vel eligendi quibusdam dignissimos minima tempora dolore qui blanditiis cum. Aut necessitatibus architecto nihil accusantium incidunt doloribus similique quia sunt.\n \rEnim minima quaerat aut modi est. Quam vel quis reiciendis. Sit incidunt corporis quas nemo suscipit impedit incidunt. Et eum quas minus sed molestiae qui assumenda. Et sequi nemo mollitia non vel eveniet. Dolore omnis dicta ut dolores distinctio et minima.",
      "state": "Published"
    },
    {
      "_typeName": "Post",
      "id": "412",
      "title": "Et quos optio nostrum ducimus.",
      "description": "Amet est ut voluptates distinctio commodi. Eius officiis quasi placeat similique ut quod natus. Sequi est dignissimos et quas ipsa. Exercitationem repudiandae sit occaecati. Omnis voluptate qui libero est quia id aut.\n \rRepellat quo error. Assumenda ea eius libero aut id quidem. Vitae dicta quod impedit necessitatibus. Dolorem ut vero dolore pariatur odio nulla est. Tempora impedit rerum. Culpa ut repellat et nesciunt dolorem qui eligendi harum.\n \rQuidem deserunt quos consequatur provident quasi sequi fuga quas. Reprehenderit explicabo et. Quia et ipsa sint. Ut libero sunt quae dolore voluptatem in voluptas qui. Sed iste exercitationem velit dolor qui dolor sunt voluptas. Assumenda dicta delectus qui pariatur occaecati voluptas sit sequi quia.",
      "state": "Published"
    },
    {
      "_typeName": "Post",
      "id": "413",
      "title": "Tempore est nulla.",
      "description": "Illum fuga sit nisi quos iusto itaque voluptates ut debitis. Nemo perspiciatis corrupti officiis laborum sapiente sit vitae et quisquam. Ut veritatis occaecati quod voluptas dolores eaque sit magnam est. Quaerat omnis tenetur. Repellat et quis sed fugiat eveniet et animi et.\n \rSed aliquid consectetur vel labore assumenda occaecati sit esse. Dolorem sed aut molestiae debitis accusamus quas non ab minus. Dolores harum minima facere voluptates officiis et a. Id deserunt officia maxime est.\n \rVel non possimus non voluptates explicabo. Voluptas porro dolores. Consequatur facilis rem deserunt. Et sunt cumque qui porro a voluptas.",
      "state": "Published"
    },
    {
      "_typeName": "Post",
      "id": "414",
      "title": "Molestiae quis sit aut optio aperiam.",
      "description": "Et vitae officia. Minus dicta aut doloremque est architecto. Et delectus reprehenderit adipisci. Ut qui non tempora nobis et.\n \rIncidunt illo ullam. Est sed provident omnis et adipisci ut ullam laudantium. Quis dolorem consectetur quod qui quo.\n \rEt rerum non ut tenetur aperiam sunt quam et similique. Distinctio et illum. Nemo temporibus laboriosam iste impedit. Vel tempora recusandae est est culpa. Et suscipit dolores magnam eveniet accusamus assumenda ab voluptatem fugiat.",
      "state": "Published"
    },
    {
      "_typeName": "Post",
      "id": "415",
      "title": "Voluptate laborum dolorem tempora harum assumenda et architecto est.",
      "description": "Ducimus et accusantium numquam quos. Numquam reiciendis libero maiores molestias. Temporibus porro sunt illum eaque. Voluptatibus omnis dolor quos ab ut voluptas magni. Corrupti consectetur itaque totam velit id cupiditate dolores deleniti et.\n \rError sunt optio deserunt quia itaque voluptas. Aut velit non quis vero qui omnis corporis voluptates est. Et ipsa quo nulla voluptatem est fuga voluptatibus aperiam perferendis. Consequatur fugiat minus ducimus neque. Deleniti ea aliquam quisquam quia dicta architecto. Fuga tempora id vitae.\n \rInventore ullam et aut velit odio velit aut. Provident cupiditate dolore. Omnis facilis consequatur aut quis. Consectetur qui nisi vel odio quasi quia alias. Dolor velit ducimus quas nemo possimus ea.",
      "state": "Published"
    },
    {
      "_typeName": "Post",
      "id": "416",
      "title": "Consequatur eaque vel commodi accusantium.",
      "description": "Qui non placeat rerum quis unde est. Quam aut tempore quidem perspiciatis consequatur eaque totam. Aliquid consectetur est et et expedita sequi unde. Corporis ipsum aperiam repellendus. Occaecati ut magnam blanditiis fugiat enim. Autem corporis et est dolore dolorem veritatis ducimus ratione at.\n \rFugit sunt ab aut quo totam. Ipsam odit molestias aspernatur velit sit repellat natus. Et a quia distinctio sunt officiis laborum commodi voluptatem. Non eum consequuntur omnis aliquam accusantium in quibusdam. Asperiores tempore et voluptatibus ut deserunt inventore facere.\n \rUt sapiente voluptatem ducimus et quis quia. Soluta doloribus mollitia qui. Eos quam iste. Occaecati voluptas ipsum consequatur veritatis corporis nulla. Itaque qui voluptatem aliquid. Ad pariatur eligendi soluta iure sit perferendis debitis dolore.",
      "state": "Published"
    },
    {
      "_typeName": "Post",
      "id": "417",
      "title": "Repudiandae amet ab corporis tempore.",
      "description": "Ipsam quaerat cumque voluptatem corrupti quidem cumque qui. Ex magnam nulla incidunt expedita. Laudantium temporibus occaecati dolores iure ut aut non qui pariatur. Suscipit iusto velit. Deserunt labore a qui dignissimos dicta excepturi ex. Aut soluta occaecati.\n \rA neque vero incidunt ipsum itaque est quod. Sit qui perspiciatis totam ratione quia sit corporis aut voluptatem. Numquam earum sapiente saepe in.\n \rEt architecto totam laborum vero corrupti non aperiam. Incidunt numquam officiis minus vitae nulla voluptates veniam repellat mollitia. Rerum culpa occaecati libero perspiciatis nisi quo reiciendis. Earum placeat adipisci in commodi earum numquam labore accusamus amet. Totam accusantium vitae quae et eum.",
      "state": "Published"
    },
    {
      "_typeName": "Post",
      "id": "418",
      "title": "Placeat animi mollitia.",
      "description": "Quasi numquam incidunt dolore autem. Modi velit enim ut illum ea nemo et. Magnam in rerum optio sed et recusandae et. Qui consequatur minus veritatis minima fuga et at. Quod dolores maxime tenetur.\n \rQui nemo quis ipsam officia. Optio cumque dolor necessitatibus eos. Quia a aut unde sapiente natus id tempore.\n \rCommodi quidem molestias facilis ab molestiae ab placeat deleniti quia. Qui quisquam aliquid cumque similique voluptas facilis. Labore laboriosam et debitis fugit qui impedit est. Ut aliquam dignissimos rem impedit doloremque ullam sequi.",
      "state": "Published"
    },
    {
      "_typeName": "Post",
      "id": "419",
      "title": "Culpa voluptatem deleniti nobis.",
      "description": "Perferendis sed est nulla consequatur nesciunt quia est. Et in quisquam. Recusandae distinctio nulla amet delectus ullam nemo ut. Sint amet nam. Ab voluptatem eligendi qui hic quia corporis.\n \rVelit dolore autem itaque placeat deserunt aut sapiente. Non cupiditate harum recusandae. Corporis et ab dolorum voluptatem recusandae illum dolor aperiam eligendi. Iste maxime ut earum. Laborum temporibus sunt ab et velit nemo qui et. Quidem ea incidunt facilis illo fugit tempore.\n \rNostrum ducimus assumenda eum vero rerum consequatur. Harum sunt fugit sapiente facilis. Debitis non dolorem sit nostrum totam aliquam sint provident unde. Consequatur ut est saepe fuga ex inventore hic eum. Dignissimos aliquid incidunt.",
      "state": "Published"
    },
    {
      "_typeName": "Post",
      "id": "420",
      "title": "Molestias totam debitis.",
      "description": "Voluptates vitae nostrum quis. Aut quia ex. Corrupti et repudiandae et qui labore animi assumenda sit ab. Sed neque aut quia modi perspiciatis animi.\n \rOccaecati quis sint id magnam et accusamus quaerat nostrum rerum. Possimus et minima minima non asperiores numquam. Tempora eveniet libero. Consequuntur dolore non mollitia. Nobis nemo cum et animi sed tenetur mollitia numquam odio. Temporibus accusantium rem dolorum sed temporibus sunt non vitae.\n \rOmnis accusantium ratione molestiae eveniet odio iusto. Ipsam quo enim rerum numquam doloribus tenetur excepturi accusamus. Sed rerum fuga enim laboriosam optio eaque omnis commodi ullam.",
      "state": "Published"
    },
    {
      "_typeName": "Post",
      "id": "421",
      "title": "Consequuntur ut sed amet.",
      "description": "Ut quia id et vitae natus. Illum eveniet exercitationem est quasi ipsam non. Quia voluptas dolore aut. Reprehenderit odit quibusdam quaerat minus provident ut cumque ratione eius. Officia autem molestiae.\n \rRem commodi ipsam. Aperiam et earum. Tempore molestias ut minus debitis corrupti corporis. Et illum dolorem aut voluptas magni id et.\n \rSed architecto molestias nihil. Ea est aperiam qui nam vel in ullam debitis. Voluptas illum nulla ut voluptatibus qui ea ipsa. Magnam et qui voluptas et. Cupiditate quia recusandae dolore.",
      "state": "Published"
    },
    {
      "_typeName": "Post",
      "id": "422",
      "title": "Voluptatem officiis minus illum nihil.",
      "description": "Tempore nihil delectus et. Ipsum et voluptatem ratione. Consequatur fuga velit molestiae aliquam ipsum eos fugit est eaque. Laborum dolorem id dignissimos magni molestiae itaque est optio.\n \rIpsam eos placeat autem esse cupiditate rerum id a quidem. Reprehenderit laboriosam sed sint ut debitis voluptatem repellendus vel. Eligendi est consequuntur quaerat consequatur iure.\n \rItaque ab accusamus minima nemo reiciendis. Dolores eos quod aperiam consequuntur est. Est modi accusamus dolores. Architecto sed cupiditate consectetur quam dolorum veritatis.",
      "state": "Published"
    },
    {
      "_typeName": "Post",
      "id": "423",
      "title": "Magnam aut culpa repellat non qui fugiat dolor.",
      "description": "Voluptates ut aliquid et aut voluptatem ea ut. Voluptatem quisquam quasi. Quibusdam minima consequatur hic omnis dolore dolorem ipsa magnam rerum. Sit consequuntur est rem ipsum.\n \rDolor sunt voluptates architecto error ut possimus. Ducimus in voluptas sed ipsum dolore aspernatur illo autem alias. At molestias debitis. Sit vel iste qui odit assumenda soluta hic. Assumenda rerum veniam vero adipisci nihil.\n \rAmet quasi possimus dolor est ea laboriosam veritatis. Harum rerum molestias ut voluptatem similique illum. Et consectetur ab cumque eum quia blanditiis. Quidem laborum velit ut fugiat sequi accusamus similique quae. Eligendi non quo magni omnis sequi ad accusantium et.",
      "state": "Published"
    },
    {
      "_typeName": "Post",
      "id": "424",
      "title": "Aut sequi aut incidunt perspiciatis odio eum illo perspiciatis at.",
      "description": "Maiores voluptatem repudiandae commodi et exercitationem a vel et vero. Officia expedita tenetur recusandae rem tempore sit dicta. Non commodi ea ratione aut incidunt. Pariatur delectus ea sint. Eligendi explicabo tempore rerum amet quis cumque et quisquam.\n \rLabore consequuntur et excepturi qui neque rerum id et maxime. Velit minus numquam in sed dolore dolor saepe accusamus. Et consequatur deleniti et dolorum maxime et. Magni repudiandae et maxime. Libero laborum unde qui.\n \rNulla recusandae ut. Veritatis qui autem pariatur voluptatum est nam porro repellat totam. Fugit eligendi iusto. Officiis blanditiis voluptatum veritatis. Temporibus laudantium iure laborum velit et laboriosam qui cumque.",
      "state": "Published"
    },
    {
      "_typeName": "Post",
      "id": "425",
      "title": "Qui aut aut aut.",
      "description": "Reiciendis rerum eaque officia provident. Nam error veritatis eum. Consequuntur ut nihil non sequi nobis porro nostrum. Et animi et doloribus non nisi voluptatibus nemo. Temporibus dolor sint ex amet veritatis et.\n \rQuod est sequi quia natus iste. Nihil quaerat aut saepe recusandae et iusto. Quia nisi autem. Similique dolorem sed officia earum aut molestiae eligendi cumque ut. Necessitatibus nostrum nostrum aut expedita sunt aliquam ullam dolorem molestiae. Fuga odio natus in non nesciunt suscipit magnam optio impedit.\n \rVel excepturi tempora perspiciatis placeat officia facere ea et. Eveniet dolorum debitis ullam debitis quisquam quaerat natus. Quo fugiat fugiat. Laboriosam qui laborum non iusto dignissimos. Accusamus dolore ipsa sit debitis ut dicta assumenda. Eum ab maxime ullam doloribus facere.",
      "state": "Published"
    },
    {
      "_typeName": "Post",
      "id": "426",
      "title": "Similique consequatur et est quisquam vel veritatis repellendus.",
      "description": "Qui voluptatem aut. Voluptas a nam officiis. Eum nisi amet esse est iusto tempora. Repellat natus explicabo voluptatem veniam sint molestias. Aut consectetur molestiae necessitatibus voluptatem ut quia eaque vero.\n \rEa quas non consequuntur. Mollitia placeat voluptas veniam nam facere. Qui iste occaecati libero nobis voluptatem. Sequi porro quae vero reiciendis.\n \rCommodi dicta ipsa rerum veritatis saepe. Qui qui aliquam. Ut quo excepturi asperiores consequatur. Et non sapiente vel in minima animi culpa.",
      "state": "Published"
    },
    {
      "_typeName": "Post",
      "id": "427",
      "title": "Molestiae non consequuntur reprehenderit iusto in occaecati quae autem.",
      "description": "Rerum non voluptatem. Mollitia libero laboriosam ut corrupti consequatur. Explicabo perspiciatis iure rem. Et asperiores ut laborum placeat ut. Iste ea illo vel repellendus. Id rerum aliquam.\n \rMaxime eaque qui velit beatae nesciunt mollitia iste. Aperiam voluptates architecto molestiae. Adipisci neque harum explicabo non sequi dolore quo et. Autem molestiae sunt quidem natus.\n \rNemo atque quo esse molestiae repellat incidunt consectetur aut. Eveniet facere qui ratione alias consequatur impedit at aliquam id. Sunt dolores ut deleniti laudantium dolores quidem eos iure. Maxime quia tenetur id. Laudantium similique est quaerat illum.",
      "state": "Published"
    },
    {
      "_typeName": "Post",
      "id": "428",
      "title": "Laborum quia accusamus.",
      "description": "Aliquam officiis libero quaerat magnam hic tempora fugiat mollitia. Aut tempore earum veritatis libero provident animi repellat qui. Non voluptatem est maiores. Quaerat quaerat consequatur voluptas perspiciatis sunt laborum fuga sequi tempora. Accusamus amet delectus. Consequuntur quibusdam labore consequatur commodi vero sit explicabo aut nulla.\n \rEligendi quis rerum tenetur perferendis quisquam qui eum. Odit voluptatem exercitationem totam voluptates at est quam quae aliquam. Dolorem explicabo ut amet nesciunt voluptas aut rerum est. Necessitatibus ipsa dolores quidem. Id amet accusantium voluptas aut distinctio.\n \rAutem sit deserunt autem aut ea error. Tempore magnam magni porro est esse. Deserunt est facere. Est asperiores hic architecto aut et praesentium ut quo. Cumque ut velit a est quibusdam. Consequuntur rem nisi et nihil.",
      "state": "Published"
    },
    {
      "_typeName": "Post",
      "id": "429",
      "title": "Occaecati voluptas rerum amet esse unde necessitatibus minima maiores mollitia.",
      "description": "Repudiandae repudiandae magnam quia assumenda. Qui repellendus molestiae magni neque saepe. Cum totam doloribus nihil qui qui eius molestiae repudiandae libero. Autem optio consequatur aliquam deleniti cupiditate porro illum sed. Omnis distinctio modi non. Et expedita assumenda aut consequatur tempora eos dolores repellat.\n \rQui omnis nobis sunt et. Nobis illum officiis repudiandae aut. Provident ut minus quaerat eius enim dolore.\n \rTempore velit quis placeat qui dolorem vel. Tempora pariatur voluptatibus veniam dicta. Eum velit ea omnis.",
      "state": "Published"
    },
    {
      "_typeName": "Post",
      "id": "430",
      "title": "Et dolore cum distinctio aut omnis officia atque non quos.",
      "description": "Est dolor in vel tempora veritatis quas dolore. Aspernatur sed similique. Tempore possimus ea consequatur rerum quidem perspiciatis doloremque cum totam. Aut cumque sint non quo quidem dolores assumenda. Soluta sint in voluptatem. Necessitatibus in voluptas illo dolorem architecto natus voluptates.\n \rDolorum sed dignissimos voluptates ipsa omnis voluptatum corporis laborum. Quasi corporis sed ex qui. Non totam aliquid dignissimos ipsam molestiae.\n \rDoloremque et aut dignissimos debitis natus culpa est. Necessitatibus est tempora ut optio. Quia at saepe excepturi.",
      "state": "Published"
    },
    {
      "_typeName": "Post",
      "id": "431",
      "title": "Ut quia minima error amet ut dolor saepe voluptatem.",
      "description": "Ducimus dolor consectetur enim. Distinctio quis dolorem velit repudiandae sed neque. Perferendis quidem quibusdam ut sint ipsam qui cupiditate pariatur. Rerum ut delectus autem in corporis. Cupiditate magnam nemo atque.\n \rVoluptas sed assumenda aliquam eligendi voluptatem. Ex facilis facilis nemo unde ut perferendis. Hic repellat recusandae praesentium. Doloribus perferendis ut sunt aut et eos voluptatem unde.\n \rEum totam minima voluptatum fugiat quisquam occaecati quasi quia unde. Optio voluptas quia veniam nobis. Autem itaque provident est incidunt sunt odio numquam. Corrupti deserunt minus error occaecati.",
      "state": "Published"
    },
    {
      "_typeName": "Post",
      "id": "432",
      "title": "Quis et perspiciatis.",
      "description": "Sed necessitatibus eos eius. Optio repudiandae quaerat officia atque quia et. Dolores eveniet voluptatem quibusdam sed error id nobis enim. Rem explicabo magni. Ex numquam corrupti dolorum et dolore adipisci vitae. Aliquam aut iste.\n \rArchitecto repellendus id a provident. Recusandae occaecati quis omnis. Dignissimos voluptate et. Quidem voluptatibus et recusandae voluptate quidem ut autem fugiat. Doloribus dolore debitis soluta vel et aut eos non dolores. Perspiciatis expedita assumenda.\n \rQui adipisci cum vitae sit facere. Sit corrupti voluptatem. Cupiditate ex illo. Accusantium totam reprehenderit possimus est iusto consectetur veniam est molestias.",
      "state": "Published"
    },
    {
      "_typeName": "Post",
      "id": "433",
      "title": "Ut facilis commodi molestiae nihil et.",
      "description": "Et id illo eum dolores unde et consectetur cupiditate. Error explicabo qui rem odit. Libero recusandae nesciunt et aut tempora voluptas dignissimos ex nisi. Aut magnam ut perferendis dolorem et illum. Voluptate laboriosam cumque error.\n \rError dolores et voluptate beatae deleniti rerum. Repellendus quasi corrupti sint necessitatibus perferendis culpa. Necessitatibus non quas sint minus modi qui.\n \rVoluptatibus suscipit totam alias itaque laborum optio sed saepe. Ex est debitis cumque. In sequi itaque velit soluta sit eum odio. Nostrum eum consequatur non et facere quis qui fugiat optio.",
      "state": "Published"
    },
    {
      "_typeName": "Post",
      "id": "434",
      "title": "Ut excepturi autem.",
      "description": "A molestias repellat qui iure ut labore iste. Quia et optio atque quibusdam neque error quaerat. Beatae impedit labore quia eius. Qui odio voluptatibus dolores unde expedita ut quidem. Unde facilis non eligendi est est qui vel dolorem praesentium. Velit perferendis in illo eligendi eaque amet.\n \rQuidem ut voluptate. Et quis sunt quis qui quibusdam. Porro sed enim esse porro iure natus in cupiditate et.\n \rNisi corporis et ut id aliquam id et. Cum doloribus voluptas. Laboriosam odit illo possimus provident qui beatae ipsam rerum laborum. Vel et repudiandae.",
      "state": "Published"
    },
    {
      "_typeName": "Post",
      "id": "435",
      "title": "Est velit nihil rerum suscipit voluptas odio ullam.",
      "description": "Facere pariatur doloremque cum itaque illum aut enim voluptatum tempora. Officia est quos et eligendi molestiae et. Quo non incidunt nisi quis distinctio. Quos modi voluptate molestias et odio tempora exercitationem id.\n \rOmnis sint iusto. Sint neque quia accusantium alias quaerat ipsum consectetur vel atque. Qui dignissimos molestiae consequatur harum cumque dolore dolore.\n \rUt dolorum voluptatibus blanditiis pariatur dolores architecto occaecati. Molestiae omnis officiis quae tenetur perferendis et perferendis perferendis quo. Id ut sit.",
      "state": "Published"
    },
    {
      "_typeName": "Post",
      "id": "436",
      "title": "Quo blanditiis quam et nihil velit modi quia eos.",
      "description": "Sed aut asperiores. Ducimus nam qui laudantium ipsa veritatis est dolores. Odio voluptatem aperiam sit facilis ea magni excepturi alias eius.\n \rQuod cum sed quia debitis sint voluptatum. Saepe eveniet vitae pariatur repellat ea qui nemo. Sequi eos quibusdam ut.\n \rVoluptas voluptatem molestias non qui natus qui delectus suscipit. Veniam itaque officiis aut molestiae nihil ut aliquid asperiores ducimus. Molestiae qui dolorem ut perspiciatis exercitationem alias cupiditate.",
      "state": "Published"
    },
    {
      "_typeName": "Post",
      "id": "437",
      "title": "Amet est sapiente.",
      "description": "Nulla saepe eligendi. Quia vero soluta eos facilis est. Iusto corporis ab ipsum sunt voluptas necessitatibus. Voluptatum dolorem accusantium corporis est nobis qui consequatur molestias expedita. Accusamus ea aut quo corrupti ad.\n \rEt quo libero sint optio id beatae. Facilis optio et. Rem quidem explicabo. Unde ipsa accusamus provident qui ut in. Et consectetur beatae suscipit sed quam.\n \rNemo vitae dignissimos qui. Voluptatibus excepturi qui veniam nobis est. Praesentium nesciunt porro voluptatum est excepturi harum. Mollitia error et in. Fugit quisquam qui esse suscipit.",
      "state": "Published"
    },
    {
      "_typeName": "Post",
      "id": "438",
      "title": "Reprehenderit perspiciatis quod et.",
      "description": "Eos omnis odit aut dicta dolorem ipsam. Et expedita quo aliquid dolor temporibus non eligendi. Est ea laboriosam fugit earum qui tenetur.\n \rVoluptatem ut fugit. Ullam ut est mollitia sunt aut. Qui delectus a rerum ipsam id. Neque tenetur consequatur optio perspiciatis. Quisquam autem voluptatum sit impedit voluptas.\n \rCulpa distinctio quo deleniti facere nemo. Qui magni in doloremque. Sequi sint reprehenderit voluptas sed aut quidem porro sunt nemo. Ex enim excepturi aliquid. Sunt veniam sapiente at animi voluptatem repellendus. Quae quia sint adipisci qui repellendus enim assumenda.",
      "state": "Published"
    },
    {
      "_typeName": "Post",
      "id": "439",
      "title": "Enim voluptatum in fugiat ut animi sed eos.",
      "description": "Ut cum at corrupti et provident et maiores quas enim. Et et asperiores nulla corporis eaque fugit quasi. Fuga eum sit. Quia a est. Dolorem omnis dolor aut odio aliquid consequatur.\n \rSimilique harum et harum mollitia qui quidem et. Aut sunt at sed consequuntur minus vero. Nostrum voluptatibus voluptas incidunt cupiditate voluptas eligendi tenetur qui maiores. Sint quis aut quidem possimus deleniti quos accusantium.\n \rQuis qui id ut architecto nemo. Commodi quia reiciendis officia vitae. Corporis ut ipsa. Sit quas sint et porro sit. Reprehenderit id soluta veritatis sunt magni. Tempora corporis maiores a.",
      "state": "Published"
    },
    {
      "_typeName": "Post",
      "id": "440",
      "title": "Omnis sunt laboriosam labore dolorem est id neque.",
      "description": "Officia harum in et placeat deserunt harum provident. Commodi modi omnis in mollitia aperiam officiis exercitationem expedita facilis. Est sed laudantium beatae optio laborum officia consequatur aliquid quisquam.\n \rAnimi harum aliquam ea accusamus dignissimos fuga molestias neque. Et ipsum atque sunt magni. Facilis fugit fugit.\n \rVoluptatem ab soluta iusto dolorem qui nihil. Corrupti fugit nulla sed quidem sed veritatis ut voluptatem. Consequuntur omnis aspernatur consequatur. Architecto omnis eos natus hic beatae illo.",
      "state": "Published"
    },
    {
      "_typeName": "Post",
      "id": "441",
      "title": "Eaque tempora qui dignissimos reprehenderit.",
      "description": "Dolores ab accusantium. Aut rerum rem eos est nulla dolorem ut porro impedit. Corrupti commodi aut. Omnis voluptatibus ut nam quia qui accusamus. Velit iusto repellat omnis error voluptas explicabo quia.\n \rQuod minima deleniti magni consequatur quos suscipit libero recusandae sint. Perspiciatis quod nulla id. Animi suscipit est maiores est inventore. Qui dolorem ex odit ipsum voluptas. Deleniti quam dignissimos voluptas saepe natus est quos rerum.\n \rConsectetur qui sed sint qui et dolor ut est enim. Possimus enim adipisci. Accusantium delectus cumque. Ratione harum velit.",
      "state": "Published"
    },
    {
      "_typeName": "Post",
      "id": "442",
      "title": "Odio aut et qui quo sed rerum.",
      "description": "Nulla ex vero quo mollitia. Omnis impedit natus quia consequatur asperiores. Aut sed nulla eos asperiores.\n \rVoluptate harum voluptas aliquid labore asperiores. Consectetur sit voluptas magnam. Id sed vero nesciunt. Est ullam cum et. Magnam temporibus voluptatem est error nostrum sequi facere distinctio. Voluptatum repellendus aut provident velit molestiae eligendi delectus quibusdam.\n \rEa eligendi est. Consequatur autem unde sunt temporibus et possimus aliquam. Recusandae molestiae asperiores beatae iste magnam dolor veritatis ducimus ratione. Nostrum sed temporibus quis voluptatem id quam. Iure adipisci est dignissimos voluptas consectetur.",
      "state": "Published"
    },
    {
      "_typeName": "Post",
      "id": "443",
      "title": "Nisi laborum unde perspiciatis qui ducimus voluptates ipsum ipsam.",
      "description": "Dicta culpa commodi soluta reiciendis in reiciendis et. Repudiandae velit asperiores labore. Necessitatibus tempore enim sunt. Minima consequatur voluptatem ad debitis veniam sed totam aspernatur. Ipsam id quos excepturi itaque aliquid dolores consectetur expedita.\n \rHarum nulla quas reprehenderit laudantium a. Voluptates dicta maxime odio culpa. Voluptatibus id incidunt enim ipsa quos cupiditate. Dolorem quis doloremque mollitia dicta quibusdam. Consectetur quo sequi itaque.\n \rVoluptatem quas pariatur quis fugiat et vitae eaque numquam quibusdam. Totam aliquid est ipsum veritatis quae. Facilis non labore aliquam amet. In aut commodi non deserunt odit.",
      "state": "Published"
    },
    {
      "_typeName": "Post",
      "id": "444",
      "title": "Voluptatum eum similique ut dignissimos doloremque ut et.",
      "description": "Ipsum voluptas fugiat cupiditate vero nulla in quae. Labore vitae saepe minima deleniti et amet sapiente. Sunt dolor pariatur animi sed magni. Consequuntur et voluptates porro quibusdam ipsa.\n \rNesciunt dolores veritatis incidunt sit ipsam sequi. Eaque ex molestiae pariatur dolorum rerum. Voluptatem aspernatur ut neque veritatis accusamus cumque ipsam. Molestiae autem ratione nostrum laboriosam ullam non temporibus et.\n \rVeniam voluptas impedit sit commodi esse quae natus non dolorem. Illum animi minus dolor molestias veritatis illo excepturi debitis iste. Provident sunt id excepturi similique. Id numquam ea deleniti repudiandae cum nulla quis. Facere animi placeat. Alias ad reprehenderit non.",
      "state": "Published"
    },
    {
      "_typeName": "Post",
      "id": "445",
      "title": "Error qui dolor magnam.",
      "description": "Reiciendis enim qui consequatur consequuntur officia ex. Aut delectus pariatur molestiae maiores ratione minus. Eos quidem officia. Vitae voluptatum iure nulla voluptas illo delectus assumenda.\n \rNon ipsa consequuntur eius ullam ipsum facilis veniam ab. Laborum velit nesciunt dolor perspiciatis vel mollitia eius non. Veniam et tempora sit optio et voluptas vel. Ad non qui voluptates.\n \rQuia voluptates et placeat quo architecto et. Incidunt quibusdam qui sed illum unde et quis. Sint rerum eaque qui iste dignissimos sint praesentium sint et. Rem quod totam et quibusdam occaecati quidem nam. Voluptatem molestiae sint sed.",
      "state": "Published"
    },
    {
      "_typeName": "Post",
      "id": "446",
      "title": "Quos et nihil aspernatur tempore sunt ut animi.",
      "description": "Dolorem at accusamus laudantium et dolor quis exercitationem eaque repudiandae. Facere tenetur debitis tenetur aut laudantium natus harum. Totam qui consequatur id cupiditate velit. Fugiat id eos delectus quisquam. Nam fugit cupiditate.\n \rLaborum tempore quasi quos minus dolorem et quia. Reiciendis et porro ut sit corrupti labore dolore enim. Sint minus maiores consequuntur et officia totam. Dolor assumenda quidem porro blanditiis quia voluptas adipisci ea. Soluta sequi vel est veritatis omnis velit harum dolores nihil. Voluptatem doloribus eos vel.\n \rEt est a hic reiciendis voluptatem officia quia adipisci rem. Unde consectetur atque qui. Voluptas omnis perferendis fugiat est voluptas architecto.",
      "state": "Published"
    },
    {
      "_typeName": "Post",
      "id": "447",
      "title": "Est quia earum earum.",
      "description": "Molestias ea temporibus est quas ut. Eius odit magnam consequatur possimus. Sit et quae repellat. Odit nisi qui nobis.\n \rAutem voluptate similique beatae. Quos id doloribus similique libero aut magnam nihil occaecati dolorem. Recusandae dolor rerum. Laboriosam officia ipsum reprehenderit qui dolor sunt in dolorum.\n \rQuae sit quia cum eius. Nesciunt soluta necessitatibus ducimus repellat. Necessitatibus fuga iusto sed. Inventore eum rerum. Tenetur atque et. Ex fugiat suscipit quisquam et.",
      "state": "Published"
    },
    {
      "_typeName": "Post",
      "id": "448",
      "title": "Voluptates natus voluptatem quia voluptatibus ut eos at.",
      "description": "Ut alias dolorem modi et et commodi voluptatum qui architecto. Repellat amet illo velit omnis. Nihil quisquam repellendus ea odit eum quis earum officia. Aut exercitationem culpa veritatis velit consectetur rerum et explicabo dolorem. Eius et et voluptas velit eum quasi.\n \rVel exercitationem id nemo atque ea id cumque. Hic deleniti tempora vel dolores aut amet exercitationem ex. Nihil est fuga eum voluptatem sapiente ut dolorem minima odio. Ut natus ut sint iusto molestiae. Non aut suscipit ut quas et in natus.\n \rLabore eum veritatis nam aut sit. Perferendis aut rem aut quasi vel ab deserunt. Repellendus voluptas quis laboriosam sequi officiis consectetur quibusdam qui ut. Vel dolore perspiciatis soluta. Consequuntur soluta ex ipsa commodi doloremque.",
      "state": "Published"
    },
    {
      "_typeName": "Post",
      "id": "449",
      "title": "Modi vel nobis consectetur modi perferendis nihil cumque laborum est.",
      "description": "Fugiat omnis nemo nisi ut perferendis. Dolorem in itaque quia nostrum ut tenetur. Excepturi est molestiae quod quo maiores dolorem quod repellendus ut.\n \rAut autem autem et labore voluptas quo. Unde totam quam voluptas minima temporibus ea autem iure. Laborum necessitatibus quos consequatur est ipsam. Dolore corporis autem sint totam. Fuga est sint voluptate esse a deserunt magni ratione.\n \rMaiores voluptas explicabo consequatur officia ratione eligendi. Dolores ut eligendi eligendi. Dolorem amet aliquid asperiores rerum consequatur incidunt facere id distinctio. Impedit sint quasi eligendi labore sunt eveniet alias aut.",
      "state": "Published"
    },
    {
      "_typeName": "Comment",
      "id": "450",
      "text": "Et illo sapiente amet provident provident delectus consectetur."
    },
    {
      "_typeName": "Comment",
      "id": "451",
      "text": "Et est non possimus qui voluptas id."
    },
    {
      "_typeName": "Comment",
      "id": "452",
      "text": "Nulla sed et dolor."
    },
    {
      "_typeName": "Comment",
      "id": "453",
      "text": "Voluptas repudiandae rem nobis."
    },
    {
      "_typeName": "Comment",
      "id": "454",
      "text": "Illum dolores officiis ea est et ipsum facere sunt."
    },
    {
      "_typeName": "Comment",
      "id": "455",
      "text": "Eius iste cum voluptatem rerum suscipit velit."
    },
    {
      "_typeName": "Comment",
      "id": "456",
      "text": "Harum est tenetur tempore voluptatem velit laboriosam tempora laborum dolores."
    },
    {
      "_typeName": "Comment",
      "id": "457",
      "text": "Adipisci maxime sunt quis saepe amet sint non eligendi."
    },
    {
      "_typeName": "Comment",
      "id": "458",
      "text": "Quia molestias et mollitia sapiente."
    },
    {
      "_typeName": "Comment",
      "id": "459",
      "text": "Vel molestias nam debitis sed cum perferendis dolorem."
    },
    {
      "_typeName": "Comment",
      "id": "460",
      "text": "Voluptatem aperiam quas dolorem."
    },
    {
      "_typeName": "Comment",
      "id": "461",
      "text": "Ut reiciendis aspernatur architecto et perferendis et."
    },
    {
      "_typeName": "Comment",
      "id": "462",
      "text": "Cupiditate delectus consequatur."
    },
    {
      "_typeName": "Comment",
      "id": "463",
      "text": "Iste voluptas voluptatem."
    },
    {
      "_typeName": "Comment",
      "id": "464",
      "text": "Totam tempore fuga alias eum optio est."
    },
    {
      "_typeName": "Comment",
      "id": "465",
      "text": "Cumque sunt doloribus excepturi non officia ut voluptates quae."
    },
    {
      "_typeName": "Comment",
      "id": "466",
      "text": "Temporibus possimus officiis aut aliquam in."
    },
    {
      "_typeName": "Comment",
      "id": "467",
      "text": "Incidunt aut eveniet est et voluptas doloremque quos."
    },
    {
      "_typeName": "Comment",
      "id": "468",
      "text": "Et et provident provident vel fugiat."
    },
    {
      "_typeName": "Comment",
      "id": "469",
      "text": "Unde corrupti ullam rerum dolore natus cupiditate officiis."
    },
    {
      "_typeName": "Comment",
      "id": "470",
      "text": "Distinctio cum voluptas molestiae quibusdam sint."
    },
    {
      "_typeName": "Comment",
      "id": "471",
      "text": "Dolore ratione est enim magni sed voluptatem maiores accusantium."
    },
    {
      "_typeName": "Comment",
      "id": "472",
      "text": "Animi officiis eos quia non similique quis."
    },
    {
      "_typeName": "Comment",
      "id": "473",
      "text": "Vero quis quam incidunt."
    },
    {
      "_typeName": "Comment",
      "id": "474",
      "text": "Nihil vero et occaecati voluptas quia ipsam eaque autem consequuntur."
    },
    {
      "_typeName": "Comment",
      "id": "475",
      "text": "Alias ut laborum deleniti praesentium enim quia."
    },
    {
      "_typeName": "Comment",
      "id": "476",
      "text": "Consequatur laudantium in enim inventore et ut expedita corporis minima."
    },
    {
      "_typeName": "Comment",
      "id": "477",
      "text": "Dignissimos ut iusto qui."
    },
    {
      "_typeName": "Comment",
      "id": "478",
      "text": "Eos eos qui esse sunt dicta necessitatibus totam."
    },
    {
      "_typeName": "Comment",
      "id": "479",
      "text": "Et nam vero hic."
    },
    {
      "_typeName": "Comment",
      "id": "480",
      "text": "Autem non enim vel rerum quaerat eum quam placeat sapiente."
    },
    {
      "_typeName": "Comment",
      "id": "481",
      "text": "Et voluptatem esse sapiente cum dolor illo ea."
    },
    {
      "_typeName": "Comment",
      "id": "482",
      "text": "Et velit architecto et et."
    },
    {
      "_typeName": "Comment",
      "id": "483",
      "text": "Nostrum reiciendis cupiditate et beatae totam tempore ut."
    },
    {
      "_typeName": "Comment",
      "id": "484",
      "text": "Quidem voluptas quisquam omnis omnis repellat eos."
    },
    {
      "_typeName": "Comment",
      "id": "485",
      "text": "Voluptates nam et omnis rem omnis vitae sit quisquam architecto."
    },
    {
      "_typeName": "Comment",
      "id": "486",
      "text": "Officia sed est minima similique fugiat aut."
    },
    {
      "_typeName": "Comment",
      "id": "487",
      "text": "Alias sed odit."
    },
    {
      "_typeName": "Comment",
      "id": "488",
      "text": "Voluptatem sequi qui autem atque est."
    },
    {
      "_typeName": "Comment",
      "id": "489",
      "text": "Sit officiis vitae sit dolore."
    },
    {
      "_typeName": "Comment",
      "id": "490",
      "text": "Et dolorum explicabo."
    },
    {
      "_typeName": "Comment",
      "id": "491",
      "text": "Molestiae et dolorem alias."
    },
    {
      "_typeName": "Comment",
      "id": "492",
      "text": "Commodi temporibus quibusdam dolores nihil aperiam."
    },
    {
      "_typeName": "Comment",
      "id": "493",
      "text": "Provident sit aut dolorem recusandae hic qui autem quaerat minus."
    },
    {
      "_typeName": "Comment",
      "id": "494",
      "text": "Debitis adipisci ipsam numquam aut autem assumenda voluptate eos."
    },
    {
      "_typeName": "Comment",
      "id": "495",
      "text": "Ut recusandae et ut soluta iure aut vel et."
    },
    {
      "_typeName": "Comment",
      "id": "496",
      "text": "Sunt asperiores neque dolorum laboriosam."
    },
    {
      "_typeName": "Comment",
      "id": "497",
      "text": "Exercitationem ducimus porro nisi rerum molestias necessitatibus minus sapiente eius."
    },
    {
      "_typeName": "Comment",
      "id": "498",
      "text": "Officia facilis ab."
    },
    {
      "_typeName": "Comment",
      "id": "499",
      "text": "Aut qui tempore odit natus."
    }
  ]
}