{
  "valueType": "relations",
  "values": [
    [
      {
        "_typeName": "Post",
        "id": "400",
        "fieldName": "comments"
      },
      {
        "_typeName": "Comment",
        "id": "450",
        "fieldName": "post"
      }
    ],
    [
      {
        "_typeName": "Post",
        "id": "401",
        "fieldName": "comments"
      },
      {
        "_typeName": "Comment",
        "id": "451",
        "fieldName": "post"
      }
    ],
    [
      {
        "_typeName": "Post",
        "id": "402",
        "fieldName": "comments"
      },
      {
        "_typeName": "Comment",
        "id": "452",
        "fieldName": "post"
      }
    ],
    [
      {
        "_typeName": "Post",
        "id": "403",
        "fieldName": "comments"
      },
      {
        "_typeName": "Comment",
        "id": "453",
        "fieldName": "post"
      }
    ],
    [
      {
        "_typeName": "Post",
        "id": "404",
        "fieldName": "comments"
      },
      {
        "_typeName": "Comment",
        "id": "454",
        "fieldName": "post"
      }
    ],
    [
      {
        "_typeName": "Post",
        "id": "405",
        "fieldName": "comments"
      },
      {
        "_typeName": "Comment",
        "id": "455",
        "fieldName": "post"
      }
    ],
    [
      {
        "_typeName": "Post",
        "id": "406",
        "fieldName": "comments"
      },
      {
        "_typeName": "Comment",
        "id": "456",
        "fieldName": "post"
      }
    ],
    [
      {
        "_typeName": "Post",
        "id": "407",
        "fieldName": "comments"
      },
      {
        "_typeName": "Comment",
        "id": "457",
        "fieldName": "post"
      }
    ],
    [
      {
        "_typeName": "Post",
        "id": "408",
        "fieldName": "comments"
      },
      {
        "_typeName": "Comment",
        "id": "458",
        "fieldName": "post"
      }
    ],
    [
      {
        "_typeName": "Post",
        "id": "409",
        "fieldName": "comments"
      },
      {
        "_typeName": "Comment",
        "id": "459",
        "fieldName": "post"
      }
    ],
    [
      {
        "_typeName": "Post",
        "id": "410",
        "fieldName": "comments"
      },
      {
        "_typeName": "Comment",
        "id": "460",
        "fieldName": "post"
      }
    ],
    [
      {
        "_typeName": "Post",
        "id": "411",
        "fieldName": "comments"
      },
      {
        "_typeName": "Comment",
        "id": "461",
        "fieldName": "post"
      }
    ],
    [
      {
        "_typeName": "Post",
        "id": "412",
        "fieldName": "comments"
      },
      {
        "_typeName": "Comment",
        "id": "462",
        "fieldName": "post"
      }
    ],
    [
      {
        "_typeName": "Post",
        "id": "413",
        "fieldName": "comments"
      },
      {
        "_typeName": "Comment",
        "id": "463",
        "fieldName": "post"
      }
    ],
    [
      {
        "_typeName": "Post",
        "id": "414",
        "fieldName": "comments"
      },
      {
        "_typeName": "Comment",
        "id": "464",
        "fieldName": "post"
      }
    ],
    [
      {
        "_typeName": "Post",
        "id": "415",
        "fieldName": "comments"
      },
      {
        "_typeName": "Comment",
        "id": "465",
        "fieldName": "post"
      }
    ],
    [
      {
        "_typeName": "Post",
        "id": "416",
        "fieldName": "comments"
      },
      {
        "_typeName": "Comment",
        "id": "466",
        "fieldName": "post"
      }
    ],
    [
      {
        "_typeName": "Post",
        "id": "417",
        "fieldName": "comments"
      },
      {
        "_typeName": "Comment",
        "id": "467",
        "fieldName": "post"
      }
    ],
    [
      {
        "_typeName": "Post",
        "id": "418",
        "fieldName": "comments"
      },
      {
        "_typeName": "Comment",
        "id": "468",
        "fieldName": "post"
      }
    ],
    [
      {
        "_typeName": "Post",
        "id": "419",
        "fieldName": "comments"
      },
      {
        "_typeName": "Comment",
        "id": "469",
        "fieldName": "post"
      }
    ],
    [
      {
        "_typeName": "Post",
        "id": "420",
        "fieldName": "comments"
      },
      {
        "_typeName": "Comment",
        "id": "470",
        "fieldName": "post"
      }
    ],
    [
      {
        "_typeName": "Post",
        "id": "421",
        "fieldName": "comments"
      },
      {
        "_typeName": "Comment",
        "id": "471",
        "fieldName": "post"
      }
    ],
    [
      {
        "_typeName": "Post",
        "id": "422",
        "fieldName": "comments"
      },
      {
        "_typeName": "Comment",
        "id": "472",
        "fieldName": "post"
      }
    ],
    [
      {
        "_typeName": "Post",
        "id": "423",
        "fieldName": "comments"
      },
      {
        "_typeName": "Comment",
        "id": "473",
        "fieldName": "post"
      }
    ],
    [
      {
        "_typeName": "Post",
        "id": "424",
        "fieldName": "comments"
      },
      {
        "_typeName": "Comment",
        "id": "474",
        "fieldName": "post"
      }
    ],
    [
      {
        "_typeName": "Post",
        "id": "425",
        "fieldName": "comments"
      },
      {
        "_typeName": "Comment",
        "id": "475",
        "fieldName": "post"
      }
    ],
    [
      {
        "_typeName": "Post",
        "id": "426",
        "fieldName": "comments"
      },
      {
        "_typeName": "Comment",
        "id": "476",
        "fieldName": "post"
      }
    ],
    [
      {
        "_typeName": "Post",
        "id": "427",
        "fieldName": "comments"
      },
      {
        "_typeName": "Comment",
        "id": "477",
        "fieldName": "post"
      }
    ],
    [
      {
        "_typeName": "Post",
        "id": "428",
        "fieldName": "comments"
      },
      {
        "_typeName": "Comment",
        "id": "478",
        "fieldName": "post"
      }
    ],
    [
      {
        "_typeName": "Post",
        "id": "429",
        "fieldName": "comments"
      },
      {
        "_typeName": "Comment",
        "id": "479",
        "fieldName": "post"
      }
    ],
    [
      {
        "_typeName": "Post",
        "id": "430",
        "fieldName": "comments"
      },
      {
        "_typeName": "Comment",
        "id": "480",
        "fieldName": "post"
      }
    ],
    [
      {
        "_typeName": "Post",
        "id": "431",
        "fieldName": "comments"
      },
      {
        "_typeName": "Comment",
        "id": "481",
        "fieldName": "post"
      }
    ],
    [
      {
        "_typeName": "Post",
        "id": "432",
        "fieldName": "comments"
      },
      {
        "_typeName": "Comment",
        "id": "482",
        "fieldName": "post"
      }
    ],
    [
      {
        "_typeName": "Post",
        "id": "433",
        "fieldName": "comments"
      },
      {
        "_typeName": "Comment",
        "id": "483",
        "fieldName": "post"
      }
    ],
    [
      {
        "_typeName": "Post",
        "id": "434",
        "fieldName": "comments"
      },
      {
        "_typeName": "Comment",
        "id": "484",
        "fieldName": "post"
      }
    ],
    [
      {
        "_typeName": "Post",
        "id": "435",
        "fieldName": "comments"
      },
      {
        "_typeName": "Comment",
        "id": "485",
        "fieldName": "post"
      }
    ],
    [
      {
        "_typeName": "Post",
        "id": "436",
        "fieldName": "comments"
      },
      {
        "_typeName": "Comment",
        "id": "486",
        "fieldName": "post"
      }
    ],
    [
      {
        "_typeName": "Post",
        "id": "437",
        "fieldName": "comments"
      },
      {
        "_typeName": "Comment",
        "id": "487",
        "fieldName": "post"
      }
    ],
    [
      {
        "_typeName": "Post",
        "id": "438",
        "fieldName": "comments"
      },
      {
        "_typeName": "Comment",
        "id": "488",
        "fieldName": "post"
      }
    ],
    [
      {
        "_typeName": "Post",
        "id": "439",
        "fieldName": "comments"
      },
      {
        "_typeName": "Comment",
        "id": "489",
        "fieldName": "post"
      }
    ],
    [
      {
        "_typeName": "Post",
        "id": "440",
        "fieldName": "comments"
      },
      {
        "_typeName": "Comment",
        "id": "490",
        "fieldName": "post"
      }
    ],
    [
      {
        "_typeName": "Post",
        "id": "441",
        "fieldName": "comments"
      },
      {
        "_typeName": "Comment",
        "id": "491",
        "fieldName": "post"
      }
    ],
    [
      {
        "_typeName": "Post",
        "id": "442",
        "fieldName": "comments"
      },
      {
        "_typeName": "Comment",
        "id": "492",
        "fieldName": "post"
      }
    ],
    [
      {
        "_typeName": "Post",
        "id": "443",
        "fieldName": "comments"
      },
      {
        "_typeName": "Comment",
        "id": "493",
        "fieldName": "post"
      }
    ],
    [
      {
        "_typeName": "Post",
        "id": "444",
        "fieldName": "comments"
      },
      {
        "_typeName": "Comment",
        "id": "494",
        "fieldName": "post"
      }
    ],
    [
      {
        "_typeName": "Post",
        "id": "445",
        "fieldName": "comments"
      },
      {
        "_typeName": "Comment",
        "id": "495",
        "fieldName": "post"
      }
    ],
    [
      {
        "_typeName": "Post",
        "id": "446",
        "fieldName": "comments"
      },
      {
        "_typeName": "Comment",
        "id": "496",
        "fieldName": "post"
      }
    ],
    [
      {
        "_typeName": "Post",
        "id": "447",
        "fieldName": "comments"
      },
      {
        "_typeName": "Comment",
        "id": "497",
        "fieldName": "post"
      }
    ],
    [
      {
        "_typeName": "Post",
        "id": "448",
        "fieldName": "comments"
      },
      {
        "_typeName": "Comment",
        "id": "498",
        "fieldName": "post"
      }
    ],
    [
      {
        "_typeName": "Post",
        "id": "449",
        "fieldName": "comments"
      },
      {
        "_typeName": "Comment",
        "id": "499",
        "fieldName": "post"
      }
    ]
  ]
}